Quantity,Designators,Package,Value,MPN,Manufacturer
1,C1,CAPC1608 (0603),10μF,,
4,"C2, C3, C4, C5",CAPC1005 (0402),100nF,,
1,J1,GCT_USB4105,GCT USB4105,,
1,J2,Pin Header 2.54mm 1x04 ⌀1.0mm,,,
1,J3,Pin Header 2.54mm 1x08 ⌀1.0mm,,,
1,L1,201210_Inductor,,MPH201210S1R0,Sunlord
1,L2,INDC2012 (0805),600H,,
3,"R1, R8, R9",RESC1005 (0402),1kΩ,,
3,"R2, R5, R10",RESC1005 (0402),10kΩ,,
1,R3,RESC1005 (0402),68kΩ,,
1,R4,RESC1005 (0402),15kΩ,,
2,"R6, R7",RESC1005 (0402),22Ω,,
2,"R11, R12",RESC1005 (0402),5.1kΩ,,
1,U2,SOT-563,,TPS62A01DRLR,TI
1,U3,LGA-20_SCD4x,,SCD40-D-R,Sensirion
1,U4,ESPRESSIF_ESP32-S3-WROOM-2,,ESP32-S3-WROOM-2-N16R8V,Espressif Systems
1,X1,1-1734028-1,,1-1734028-1,TE
